seed,ped_present,outcome,duration,collision,min_distance,min_ttc,braking_onset,needless_stop,time_penalty,param_initial_speed,param_occluder_length,param_occluder_x,param_ped_present,param_ped_speed,param_ped_trigger_distance,param_ped_x,param_split
10000,1,collision,4.35,1,0.29677626414795943,0.0,20.815470913505,,nan,10.583452011652312,6.0,48.47398305032861,1,1.7435833653805402,20.17251895431296,45.833241490540644,reporting
10001,1,finished,9.8,0,0.6209750719098881,inf,18.54714344755406,,2.115142623233904,11.574032115807324,10.0,52.589404662431946,1,1.1301286117242255,10.711143865582525,50.22758830618857,reporting
10002,1,finished,11.000000000000002,0,2.9826970214327932,0.9,20.899902123164395,,3.9036927555310035,11.175929497146747,6.0,45.00029936911759,1,1.8644501430858775,18.422086488106046,46.17128471394933,reporting
10003,1,collision,5.3,1,0.26216759690209224,0.0,21.43642808533594,,nan,11.440809328246324,6.0,54.76248549027357,1,1.1742258582492526,18.8486629975463,55.270692454081654,reporting
10004,1,collision,4.65,1,0.29009554760033684,0.0,21.97045001284748,,nan,12.197013243569085,4.5,46.04033107034012,1,1.0866348174665543,19.083598852818895,44.76158837846318,reporting
10005,0,finished,9.250000000000002,,,,20.26338182609142,0,0.4165342681976387,9.056393600692179,4.5,46.56676531971978,0,1.264922162680474,25.86465719200254,46.68270524839866,reporting
10006,0,finished,9.750000000000002,,,,20.997545586004193,0,-0.42658994365487324,8.69790164399946,6.0,54.32584318244476,0,1.0662508862961102,22.381937376856627,53.9525405747799,reporting
10007,0,finished,8.600000000000001,,,,20.40599171632378,0,2.3664391005590533,12.116513803775883,6.0,41.039951549004556,0,1.7076611508486046,15.561105264193792,40.47421246926794,reporting
10008,0,finished,9.55,,,,18.381435924038716,0,1.7142499105823426,10.881965392100412,10.0,49.03694905876098,0,1.4389928728908892,16.37716153452372,54.21857618376359,reporting
10009,1,finished,12.200000000000001,0,2.7303287723451626,1.04,22.898956563800873,,4.22045047535966,10.611698639574653,4.5,51.223687452016755,1,1.3323839331811387,27.318256517165302,52.91782786607554,reporting
10010,0,finished,8.750000000000002,,,,17.134700665445436,0,0.0682550838374194,8.629339762545552,6.0,40.82861257795143,0,1.2346911659999098,25.53292681517732,44.44939448995512,reporting
10011,1,finished,11.950000000000001,0,3.8494610806793403,1.18,30.514244855605103,,3.3227122294919447,10.495945949028275,4.5,57.33326675184436,1,1.6435145119273202,33.552012950839256,57.62780799344023,reporting
10012,1,collision,4.2,1,0.28898276462598366,0.0,19.30185996711585,,nan,8.458158427533949,4.5,43.99152923049802,1,1.5353442846448293,17.80128111431388,42.24777994859009,reporting
10013,1,collision,4.8500000000000005,1,0.26095279018065587,0.0,20.662757313182123,,nan,10.218703493091173,6.0,51.35895344695634,1,1.4950214590087927,13.272258095641808,50.300808486929185,reporting
10014,0,finished,10.450000000000001,,,,18.72708785630484,0,-0.3976772920902274,8.626960052421584,10.0,57.3832646599369,0,1.9905041889740198,23.98571327964332,54.71411901597883,reporting
10015,1,finished,14.000000000000002,0,2.587728337633784,1.68,21.503847993387986,,6.345690852695428,10.416048338484899,4.5,46.171527812039265,1,1.14581597713281,20.70377108607538,43.25957454223448,reporting
10016,1,collision,4.4,1,0.2929792070612165,0.0,19.58524106754974,,nan,8.55863558861965,6.0,47.88871174690652,1,1.8689055179384757,15.3580478411291,46.088479055968214,reporting
10017,1,collision,4.35,1,0.2663949980687599,0.0,17.539364737161737,,nan,11.001395114630158,10.0,45.54508190563578,1,1.2629250007427846,17.39268934455841,43.369185580244526,reporting
10018,0,finished,9.450000000000001,,,,17.735290070817353,0,1.36561384380858,10.206038990616586,10.0,46.28542195062711,0,1.9655553487959256,11.587733596012258,52.256019285227715,reporting
10019,1,finished,12.400000000000002,0,2.6188578335538057,1.1,26.96005937720214,,4.920384972992002,11.353395522154287,6.0,50.525637848003484,1,1.1656403689590116,32.56026599344868,52.678227513489894,reporting
10020,1,finished,14.450000000000001,0,3.7205400220375564,1.69,23.10068087804756,,3.2402770280487676,8.525714000842758,10.0,59.51258714505353,1,1.5910238191516655,23.143561838037865,54.499943732268946,reporting
10021,1,finished,11.250000000000002,0,3.248077235289381,0.97,20.32197076935969,,2.28475486318937,8.823498729324939,4.5,45.60179611046459,1,1.7858234465028282,22.863263561923844,46.6386571194757,reporting
10022,1,finished,12.200000000000001,0,3.304330254732114,1.98,33.13008174351894,,4.35901548546037,11.586180201638784,10.0,54.761253042998334,1,1.838780543518705,33.13478996418311,49.10155229612542,reporting
10023,0,finished,9.950000000000001,,,,18.801978517857986,0,1.902720745445004,11.29732597121011,10.0,54.70158332821844,0,1.9141314560628035,33.80510909146152,56.91133732722352,reporting
10024,1,finished,11.850000000000001,0,3.6315306583286646,1.19,19.86254008815367,,1.3067919034431839,8.122386499371396,6.0,51.47963782663885,1,1.976191535350964,15.519621897099702,54.299720793823745,reporting
10025,0,finished,9.900000000000002,,,,21.121113140571957,0,1.430701041122406,11.101905867817681,6.0,59.71989984789779,0,1.538869919038103,11.057728718175937,57.811322396498774,reporting
10026,0,finished,8.500000000000002,,,,20.368871056744457,0,2.504627277814631,12.60426915388986,6.0,41.23086516511342,0,0.8120459661877527,22.88228990559829,42.879560681560775,reporting
10027,1,finished,11.600000000000001,0,0.8785059193227922,0.42,18.87499383060519,,3.648271873036488,9.349679899967223,4.5,40.856925547975564,1,1.4503538844223778,14.346789530391565,41.88893626793097,reporting
10028,1,finished,14.250000000000002,0,3.76950204219235,1.48,21.397159336952136,,4.2492384277299475,9.24555662305307,10.0,56.22464655486654,1,1.6478676123191527,20.708570173639274,50.31375121397559,reporting
10029,0,finished,10.250000000000002,,,,21.506778316498007,0,-1.1075755355416828,8.258335758830972,6.0,59.57829344813014,0,1.1879581275470854,17.653708282808843,62.73786226908135,reporting
10030,0,finished,9.500000000000002,,,,17.264404949643097,0,0.6747101223994907,9.321546867507534,10.0,46.03526817482431,0,0.9690256206891702,13.941499786276125,45.76553999937721,reporting
10031,0,finished,9.900000000000002,,,,16.719032232337682,0,-0.6800297753274283,8.03058771736193,10.0,48.80222799745404,0,0.8618875895152209,15.762032439380775,48.933032194429735,reporting
10032,0,finished,8.9,,,,18.427159333730067,0,2.920693139574495,12.8752268773028,10.0,40.71187415480325,0,1.7736469079351975,34.34200091329001,39.268291921786755,reporting
10033,0,finished,10.200000000000001,,,,18.34108369566298,0,-0.33643561513783915,8.580184181208288,10.0,54.15556562173076,0,1.1994260087561692,33.72010708019391,57.77147545793861,reporting
10034,0,finished,9.350000000000001,,,,22.28147425753685,0,1.6462605412856277,10.85797798170222,4.5,50.16393490211726,0,1.5712778034267885,31.165737650851906,46.96475060667376,reporting
10035,0,finished,9.55,,,,19.81889227239582,0,-0.7208213285256679,8.152795463187568,6.0,49.45324973204687,0,1.1412745843518537,21.157694458675813,47.78483895935208,reporting
10036,0,finished,9.55,,,,21.137297588574107,0,-0.3241457831232992,8.414919151896429,4.5,49.80695589105364,0,1.0815016962452884,32.53969706654634,49.9427714178139,reporting
10037,0,finished,8.8,,,,20.91253003321319,0,1.6101876188731827,10.522647086421673,4.5,42.28504273490856,0,0.8078098926408028,34.68633380997463,44.272023720847315,reporting
10038,0,finished,9.650000000000002,,,,22.580392377303177,0,2.4585921840832636,12.34309575300821,4.5,55.07155140409961,0,1.915371997284772,18.60055600027208,57.97905208532111,reporting
10039,1,collision,4.95,1,0.2959464556197873,0.0,17.148994659649215,,nan,8.149417447748036,6.0,42.71104761710294,1,1.122087429096625,17.019535130982334,43.14318836418239,reporting
10040,1,finished,12.150000000000002,0,4.193441974902955,1.28,22.132640130952737,,2.6788973498388664,9.781689931198741,4.5,59.14343546884559,1,1.7461290457510317,26.96756926849555,62.046804133660565,reporting
10041,0,finished,8.750000000000002,,,,21.4313453821137,0,1.9029832535401532,10.99056753348287,4.5,41.888197198947495,0,0.9709482683121785,16.337277780430878,41.485359275061334,reporting
10042,1,collision,3.9,1,0.16081232231607,0.0,18.547793235931877,,nan,11.3221814311549,10.0,49.606058032822006,1,1.8319933392886107,16.622354810588007,46.95598011145222,reporting
10043,0,finished,9.350000000000001,,,,22.46321687959702,0,2.235903249419728,11.89962704092365,4.5,51.2089299959878,0,0.9662049059433544,32.559594477386725,50.09430462136579,reporting
10044,1,finished,11.950000000000001,0,1.67671618467334,0.62,22.825675717760124,,4.082715629475495,11.044769799030671,4.5,53.65973337713699,1,1.5037239347398397,24.275447111152346,52.46659502943043,reporting
10045,1,collision,5.25,1,0.2819377516399394,0.0,26.15310396653616,,nan,11.456290945507842,4.5,58.74169268200542,1,0.8649796284859084,34.98610620677209,57.25845724018072,reporting
10046,1,collision,5.7,1,0.28329631265519883,0.0,20.471052105850646,,nan,10.528380710328122,4.5,41.17053689928187,1,0.8828928884715679,15.369883148937069,43.42140409989213,reporting
10047,1,finished,11.000000000000002,0,2.1369370266959833,0.71,24.829247882983747,,4.231873133491868,11.002508512084116,4.5,41.27545141347316,1,1.5792517354037447,25.660232911572322,39.35195908965579,reporting
10048,0,finished,8.600000000000001,,,,19.30525599654345,0,1.7302838446574675,10.829980490420667,6.0,40.36138925236337,0,1.5640471493205506,18.204500437233463,41.41395505035445,reporting
10049,1,finished,12.450000000000001,0,2.327836077615337,0.86,22.44306219822873,,4.440318644897151,10.700701953406135,4.5,52.241160894026294,1,1.311812301644169,24.82193164188741,53.06352527771804,reporting
10050,0,finished,9.3,,,,21.253218301633133,0,0.7427882283119498,9.530539624643499,4.5,48.245308954163335,0,1.5505525002606464,33.100784540785895,47.50698908198148,reporting
10051,1,collision,4.4,1,0.2610181634386104,0.0,16.934027357579467,,nan,8.995617205810401,10.0,46.579182535295864,1,0.8889140098814566,33.81245693744122,44.18691500954832,reporting
10052,1,collision,4.45,1,0.2676405215102109,0.0,20.48049982512344,,nan,10.609018142474476,6.0,48.169742772040244,1,1.3129437913959157,16.9290735975011,45.3547737261296,reporting
10053,1,finished,12.400000000000002,0,2.244823985270331,0.73,18.644719602844418,,3.117547890377212,10.090662259471545,10.0,57.42326308751028,1,1.8775981383524916,16.970367469453272,57.85366448878503,reporting
10054,0,finished,8.65,,,,21.279468449482717,0,2.0759564289363412,11.354073505425578,4.5,41.351369645772635,0,1.1199029735423935,32.58194949443781,42.83543264939784,reporting
10055,1,collision,3.85,1,0.2771456748550605,0.0,23.71993032972946,,nan,9.149129179306932,10.0,43.78026596800174,1,1.1688765446946212,26.037029695588142,40.903913941610526,reporting
10056,1,finished,11.500000000000002,0,3.713488741588089,1.27,20.759298814211803,,3.6198865165238177,9.91967412209372,4.5,44.84724769453127,1,1.6782073913403188,20.624713537339012,47.63504588205647,reporting
10057,1,collision,3.85,1,0.2980449654856101,0.0,19.843348531983892,,nan,9.555667028275812,10.0,47.58784262078869,1,1.5906824517322486,22.42298952317319,44.76005777476057,reporting
10058,1,finished,11.650000000000002,0,2.4569109455689,0.9400000000000001,18.090785875707468,,3.4186528098475524,9.166956768530843,6.0,41.22722187196494,1,1.1910265924484675,32.79173119215774,42.3034217877769,reporting
10059,0,finished,10.500000000000002,,,,18.4920165344856,0,0.1439614390261852,9.25756163748777,10.0,59.577685945954954,0,1.0263629679500021,28.445768613857304,61.911668867392194,reporting
10060,1,finished,13.650000000000002,0,0.448364363794846,0.31,24.745979225928952,,4.919326632246644,10.192438887616985,4.5,55.356029879192874,1,0.9860597477865909,28.107127913216456,54.51622961882917,reporting
10061,0,finished,9.450000000000001,,,,18.25706542085958,0,1.7662647895216832,10.807705246420518,10.0,46.77052663665526,0,1.3800804283891246,14.16166173004072,44.16586743453422,reporting
10062,0,finished,9.200000000000001,,,,20.897668641591636,0,2.2184717733321424,12.241179755568105,6.0,51.294242705633486,0,1.5447369868087795,15.964737500338789,52.88399054852764,reporting
10063,0,finished,8.950000000000001,,,,19.31663289012212,0,0.6469598259524911,9.112550352833212,4.5,42.32268783304125,0,1.0162539578054632,22.26352473953451,43.9519230464219,reporting
10064,1,collision,4.95,1,0.2797508226506358,0.0,19.194400697609275,,nan,12.84916387385299,10.0,51.87564343523442,1,1.0900830591164548,20.704872224969144,50.88251440752109,reporting
10065,1,finished,12.700000000000001,0,2.971079527849258,1.25,18.34687400806902,,4.107385024348712,8.925555740376105,6.0,42.503853295213226,1,1.5762053383475179,15.461150713084535,38.67308054684541,reporting
10066,0,finished,9.450000000000001,,,,21.581675737723398,0,0.5124415835419729,9.294222686156257,4.5,49.60957903693812,0,1.3170656856717837,26.493143479032067,47.83230002051266,reporting
10067,1,finished,11.950000000000001,0,1.7977176344245733,0.64,21.067306590125593,,4.1232089914910866,11.10273086979986,6.0,52.708221044138114,1,1.489586903552433,21.656025960770776,52.75968501988592,reporting
10068,1,finished,13.450000000000001,0,1.7296633590913704,0.77,18.435334704742957,,6.474815590888708,12.172052357880588,10.0,48.710749905000554,1,0.9496441026041889,31.440220017781243,50.758653814934775,reporting
10069,1,collision,3.5,1,0.27593639591108254,0.0,18.471208575259507,,nan,12.781427010049985,10.0,49.7310080768427,1,1.9842809721751014,15.904419735026458,44.8328227284892,reporting
10070,1,finished,12.450000000000001,0,2.676144159546354,0.91,32.80776510995255,,1.5286008708361827,8.598378089618258,6.0,59.83131012265834,1,1.4773279089783302,34.90401788636793,57.527981936392166,reporting
10071,0,finished,9.600000000000001,,,,21.502321538992504,0,1.0149900738296438,10.236327163066877,6.0,53.604781637014014,0,1.8465099517154304,18.852980280008513,56.56977975948687,reporting
10072,1,finished,11.900000000000002,0,3.114011691520271,0.92,21.798479911807313,,2.486996385390812,9.462745946794902,4.5,55.581275111799094,1,1.9331411445214766,17.747313207103822,56.75997501353136,reporting
10073,1,finished,12.100000000000001,0,2.98902051922398,1.29,21.41485819136963,,5.622747519587895,12.407801788541402,6.0,46.34951000947854,1,1.1983435464499892,30.4441190559068,49.823125911708445,reporting
10074,0,finished,9.700000000000001,,,,21.50325703133518,0,2.062966663249333,11.905162283962419,6.0,56.56907282913879,0,1.213719840226662,25.08276521537426,54.92218330498631,reporting
10075,0,finished,9.950000000000001,,,,22.229394590262686,0,0.42067227848366784,9.510737446980647,4.5,57.46633669308697,0,1.5162446098979454,17.95073933640095,59.475819404807076,reporting
10076,0,finished,9.3,,,,21.291685064613787,0,1.6887968010352132,11.297554888724651,6.0,51.71697147906389,0,1.2697029398981625,11.568534662400776,52.88532210902402,reporting
10077,0,finished,8.8,,,,19.980174313952556,0,1.3849242248981684,10.126729108058939,4.5,41.59902095173054,0,1.2577711744062454,20.71858493812197,38.83068851097886,reporting
10078,1,finished,14.650000000000002,0,0.9156078764300886,0.51,18.483983828100833,,6.406588633455446,11.007152847188166,10.0,54.81052591228404,1,0.8000811372746423,30.339186995687648,58.30599935458176,reporting
10079,1,collision,5.7,1,0.2923124239050676,0.0,21.53667559258946,,nan,9.038117854330388,4.5,53.98032631133924,1,1.0858958586983107,17.49774239954419,53.73011395162656,reporting
10080,0,finished,9.600000000000001,,,,17.311173045919404,0,0.5118033059790008,9.173318667632259,10.0,47.22474867192459,0,0.8584310611806658,31.979180281796175,46.63687067923756,reporting
10081,0,finished,9.650000000000002,,,,21.08321278630433,0,2.265260285284598,12.233872459115121,6.0,56.350985957389746,0,1.567703737516993,18.838793673003572,53.66868498316399,reporting
10082,1,collision,5.9,1,0.2816005202737777,0.0,21.718110246814007,,nan,10.88636572335681,4.5,51.01015369208595,1,1.0543224128149105,13.11978075730723,52.04429712317466,reporting
10083,1,finished,13.05,0,2.7313089907713026,1.1,22.56961460977914,,4.400054542188522,10.01188951711035,4.5,52.956116815710445,1,1.7446115490129206,11.024411543511889,50.13806779840815,reporting
10084,0,finished,10.150000000000002,,,,21.97895656845403,0,-0.9708196404132412,8.188340763729334,4.5,57.7828848735911,0,1.528922511884999,23.06713172290332,59.81185032900347,reporting
10085,1,finished,12.150000000000002,0,1.7598088376401875,0.63,20.758279960881822,,3.707145213137739,10.292520390570925,6.0,52.924094895588425,1,1.4218062688117148,23.801056386605275,52.56992362275925,reporting
10086,1,finished,11.55,0,3.0854347155865813,0.96,20.79192375709717,,3.450841455440253,10.612485949644332,6.0,51.94026889196847,1,1.6811828905721784,24.68593896732786,52.98328862408234,reporting
10087,1,finished,13.000000000000002,0,3.359170061723541,1.73,29.466377811135164,,4.03366093455387,9.012186500067276,6.0,46.778564311202445,1,1.3740672841970305,29.362377271227178,43.128859477988826,reporting
10088,0,finished,9.05,,,,21.973623312634416,0,1.7321742020400244,11.095421930897949,4.5,48.01011863844262,0,1.0398561448081687,20.02183840449853,48.355973346090984,reporting
10089,1,finished,12.55,0,3.896094037612496,1.34,18.62914726898228,,4.3203425606518735,11.37811041563727,10.0,57.386901302796545,1,1.6851932408392833,20.81438520529786,61.61738295662443,reporting
10090,0,finished,8.750000000000002,,,,19.05503957484302,0,0.8285106589828608,9.28829047284716,4.5,40.30911515868211,0,1.2953433298599923,25.449156890418053,39.602372907743764,reporting
10091,0,finished,9.250000000000002,,,,16.222240269667,0,1.0477379015798611,9.523914221966356,10.0,41.87669829203986,0,0.9610945011816678,24.740688266068403,45.19501855825353,reporting
10092,0,finished,10.100000000000001,,,,21.049073098824103,0,-1.1961505953749612,8.185136232240101,6.0,58.28897099479503,0,1.1465064985933067,28.462355974566186,60.433227016867775,reporting
10093,0,finished,9.4,,,,22.708414485137524,0,2.449615843440956,12.326553517414967,4.5,52.40611995875762,0,1.927746727630845,16.822634888699874,54.6108048336104,reporting
10094,1,finished,11.05,0,3.850275364615085,1.54,16.032619023232076,,1.7942138963256866,8.692143513360367,10.0,44.52099938787969,1,1.5351708999745939,33.84458556629251,50.21513472572092,reporting
10095,0,finished,9.3,,,,21.797714375857176,0,1.8219363539686002,11.329209451306957,4.5,51.49728609842582,0,1.402700943360688,16.571122848062796,53.635615524665965,reporting
10096,1,finished,12.700000000000001,0,2.3497830534805604,1.31,16.76262293265343,,5.186087708183731,10.229054804355439,10.0,40.57976210579373,1,1.0527797791989522,25.086652759778804,45.94523714195074,reporting
10097,1,finished,15.55,0,1.6282921585182923,1.7,22.217129880888006,,7.375668111830574,10.633525081469429,4.5,53.33144511511704,1,0.9281424346247522,14.798112247741013,50.5067043982952,reporting
10098,0,finished,9.000000000000002,,,,16.820862008577063,0,1.7288932927914873,10.630872815300568,10.0,41.04972113944696,0,1.7645613681547996,27.201616564338973,39.2165355058767,reporting
10099,1,collision,4.05,1,0.2963087858521043,0.0,17.57282679257658,,nan,11.160329086561259,10.0,41.60425644433993,1,0.8451146010773755,34.0848139540158,39.93514380079259,reporting
10100,1,finished,12.400000000000002,0,2.5467251247589218,1.17,15.979834313020742,,4.116526204354729,9.44884613060713,10.0,42.20480164895455,1,1.1935600884828845,26.232266113954477,45.4449686435996,reporting
10101,1,finished,12.250000000000002,0,2.584927764866604,1.02,16.67667492140264,,2.8425004645070313,8.639592530149075,10.0,45.09141807131885,1,1.443663681016047,16.64579280607229,49.553298359220165,reporting
10102,1,finished,11.650000000000002,0,4.304737789203111,1.34,18.196618751278542,,3.409524257913242,10.705068357734746,10.0,52.1337536960381,1,1.7969526619383296,26.740400529227827,56.55356147605089,reporting
10103,0,finished,9.100000000000001,,,,21.72796329228859,0,1.400920892801242,10.347534772182172,4.5,46.32225537539552,0,0.9472457381691958,29.090175827666055,45.608054013444345,reporting
10104,1,collision,5.25,1,0.27050016549050776,0.0,24.607623229059577,,nan,12.203782012568993,4.5,59.11186943337058,1,1.0463932268976837,25.943565377158187,57.63238410498056,reporting
10105,0,finished,9.700000000000001,,,,21.535799547286523,0,-0.35749192919928774,8.456853400733664,4.5,51.64175484229233,0,1.4386620368182315,12.325729284948832,50.263165872703574,reporting
10106,0,finished,9.850000000000001,,,,18.82964538510787,0,1.2301128541673005,10.170966741818022,10.0,51.47235082099449,0,1.2109443248969327,25.235659415283898,53.11507396445121,reporting
10107,0,finished,9.850000000000001,,,,18.616068019283134,0,1.9303094010490476,11.291337393367876,10.0,53.11979621133414,0,1.727660365979259,22.80868286184512,57.591908172221096,reporting
10108,1,finished,11.450000000000001,0,2.9127171319294862,1.1,25.525499750238104,,5.167115368828645,11.900793559693817,4.5,41.209011282173535,1,1.2986559954458459,30.32466337983139,43.10974460027122,reporting
10109,1,collision,4.15,1,0.2846242796705542,0.0,17.89493154964246,,nan,9.542263108836636,10.0,48.33838568805531,1,1.899332301579637,15.094130136235979,46.43563350013429,reporting
10110,1,finished,12.3,0,4.263600714421907,1.43,18.570292940419833,,1.876899276929418,8.8463428143126,10.0,56.21845007957384,1,1.752989051532117,24.407425818379032,61.21698501832749,reporting
10111,1,collision,5.6000000000000005,1,0.2935912790227986,0.0,21.5187567274537,,nan,10.586886932631845,6.0,58.88722126575945,1,0.8244072711334687,31.88303140190139,56.229984662219174,reporting
10112,0,finished,9.600000000000001,,,,17.383415469078326,0,0.6688182967529013,9.296934837574955,10.0,46.7973632935177,0,1.675082253014553,25.854645296254088,47.80642625328504,reporting
10113,0,finished,8.65,,,,18.885617710533015,0,1.1850157856402372,10.11037446993766,6.0,41.236705538877985,0,1.5990208564088642,21.724765996590857,39.20887054658175,reporting
10114,1,finished,10.900000000000002,0,4.216692735560719,1.32,18.55339897108541,,3.955749578228252,11.85441588280316,10.0,45.859639319181326,1,1.8335773230800314,33.35558742233209,47.97042859876121,reporting
10115,0,finished,9.900000000000002,,,,22.29314607441699,0,1.3265044011250868,10.627237207158664,4.5,57.57031961182928,0,0.9971748534018725,22.154868368341198,57.45137785184506,reporting
10116,0,finished,9.650000000000002,,,,17.94360635932516,0,0.987822953503418,9.802776540355264,10.0,48.73848796590907,0,1.1413502845652235,25.302012648418287,46.250240087557934,reporting
10117,0,finished,9.15,,,,20.27826262282471,0,0.4367053288028657,9.013969571022459,4.5,45.170212733127016,0,1.6640855576405498,29.893532945748532,47.047053459753606,reporting
10118,0,finished,9.700000000000001,,,,21.645635254929655,0,1.4959461140358012,10.959766096105469,6.0,55.92991256313904,0,1.3770602234469678,30.630135322617324,58.69775872116654,reporting
10119,0,finished,9.8,,,,17.74308781027944,0,0.9317689251608936,9.79861410271435,10.0,50.59594334087875,0,1.412749811744797,24.82945281280694,46.87118417217117,reporting
10120,0,finished,8.750000000000002,,,,19.410960217990905,0,1.1974309114707404,9.806520452539168,4.5,40.651788700734755,0,0.8880668402198787,33.132881661887666,41.53342127755276,reporting
10121,0,finished,10.350000000000001,,,,18.734201194665786,0,2.0954318783919597,11.65058665674616,10.0,59.80725190321502,0,1.6598940188075115,21.331379855127004,64.30935615266971,reporting
10122,0,finished,9.350000000000001,,,,21.881789961152247,0,2.3750793244666673,12.336792418953987,6.0,51.638804450764184,0,1.622724398212314,23.926976649140045,51.204374975496904,reporting
10123,1,finished,11.55,0,4.27253600740515,1.78,24.538682439475526,,3.8643897143693504,9.690668802939292,4.5,41.148567802267856,1,1.9211131132749135,24.847272489946995,38.59959661838629,reporting
10124,0,finished,9.900000000000002,,,,18.06346299480158,0,0.2971025383171657,9.022354042526128,10.0,50.481978012678276,0,1.052175388796101,13.52652327402123,47.01295800534696,reporting
10125,0,finished,8.9,,,,22.419709367373184,0,2.848192650044763,12.998813126596087,4.5,45.46521926095204,0,1.8215525773776726,30.392126916123736,47.90952668102842,reporting
10126,0,finished,10.3,,,,18.47540126063148,0,0.22917125729806465,9.306062322707417,10.0,57.54894487679053,0,1.1418145972610916,26.75766156955846,60.101503112648444,reporting
10127,0,finished,9.05,,,,20.493488965764676,0,1.1541234427139981,10.118909854674405,6.0,45.575555844021466,0,1.8388305467311352,29.887702827180178,44.11417887946412,reporting
10128,0,finished,10.450000000000001,,,,18.36388036863415,0,0.44677444960020374,9.541466083669722,10.0,59.17273580923826,0,1.6879412657374468,26.30954915544365,63.9301963753627,reporting
10129,1,finished,11.8,0,2.035847850281877,0.72,21.322607189708403,,4.784208691054271,11.091860486857222,4.5,44.59955863607168,1,1.4922953332746793,12.932157646902517,47.30272660623176,reporting
10130,1,collision,3.95,1,0.22300807449134985,0.0,17.902652725735706,,nan,11.055608616957825,10.0,45.27406544392208,1,1.663495962754325,14.035652649797765,42.75053630269842,reporting
10131,0,finished,9.250000000000002,,,,17.816123655313223,0,1.7101397372071538,10.665695410993942,10.0,44.12865039275811,0,1.315007025098268,14.83159987458696,41.39027437444885,reporting
10132,0,finished,8.750000000000002,,,,18.17106337116958,0,0.7119093074956595,9.305080068346292,6.0,40.8627015329783,0,1.405967490916371,22.87034982608936,38.99486499988847,reporting
10133,1,collision,4.75,1,0.29388231192700004,0.0,22.33983957793741,,nan,12.103081732713575,4.5,56.79049473950409,1,1.593910695427307,15.305242643262783,54.7473606250981,reporting
10134,0,finished,9.900000000000002,,,,17.98256781149486,0,0.6200757217610438,9.475202179653989,10.0,51.76794078480238,0,0.8964018759356378,11.597225882043357,53.72442393959291,reporting
10135,0,finished,8.9,,,,19.917294906034144,0,0.891882939469137,9.849596229750572,6.0,44.67571515745266,0,1.315074571989375,29.29100120878178,41.43904499286251,reporting
10136,0,finished,9.250000000000002,,,,18.605793600623763,0,-0.3047070377397407,8.360183752917877,6.0,45.888644673548654,0,1.0125398800457461,18.785629848080063,44.5490329655998,reporting
10137,1,collision,5.05,1,0.2816812183013442,0.0,21.798555323723907,,nan,10.369546763367715,4.5,51.23108188952847,1,1.4525861251994026,12.315170427410118,50.87775104777408,reporting
10138,1,finished,11.55,0,1.9027789655226157,0.6900000000000001,21.27376908451612,,3.2186058538031315,9.840653158580087,4.5,48.679026714889815,1,1.9036677991036473,11.015045731482967,50.81537025873311,reporting
10139,0,finished,9.4,,,,20.851502836741442,0,0.23104084242655176,8.903132993078529,4.5,48.28138990615864,0,1.8902426242106343,19.379514712924234,47.4349291191309,reporting
10140,0,finished,9.350000000000001,,,,16.751255555990465,0,0.9819612006198088,9.563563094441326,10.0,43.81394460692745,0,1.144900223547661,23.782426997000215,38.910122168430576,reporting
10141,0,finished,9.900000000000002,,,,22.527509388060345,0,2.515574369798406,12.548488809603462,4.5,59.29969345350513,0,0.949249012211327,29.40945115401589,58.837562499015284,reporting
10142,0,finished,9.4,,,,18.84806182986619,0,2.779314452838504,12.628924942367798,10.0,47.26413034420854,0,1.7558460777296745,15.753231634075348,41.70491506702382,reporting
10143,0,finished,9.15,,,,16.01818421423337,0,0.8855070603519763,9.401748077163216,10.0,41.51835425856579,0,1.0900330196840844,21.688027661645247,44.4321943323816,reporting
10144,0,finished,9.8,,,,22.194605354579164,0,0.27169017037850907,9.248997260285295,4.5,54.96508799572312,0,0.9872587236717112,21.01566069188445,51.981177123981176,reporting
10145,0,finished,9.55,,,,18.980238976695208,0,2.9773495291026917,12.9705693465455,10.0,48.930560380861934,0,1.57912318996227,30.95720432936502,50.399558331487725,reporting
10146,0,finished,8.950000000000001,,,,22.63458108734468,0,2.7091229670146015,12.7543427240468,4.5,46.27192271269175,0,1.2399316717073916,24.689973605529666,48.14699001016444,reporting
10147,0,finished,9.700000000000001,,,,21.156471169999293,0,0.42754214562588544,9.483686644204942,6.0,53.644991811857714,0,1.4545518280676437,26.98029370784238,50.69749246128113,reporting
10148,1,finished,13.450000000000001,0,3.265366250628117,1.45,22.268167542806633,,5.183668894301325,10.31530907745694,4.5,51.642334691495606,1,1.4860884503416796,18.630595003500275,48.40860882786224,reporting
10149,1,finished,10.950000000000001,0,3.5953582369763506,1.24,17.926108629128862,,5.040059965005731,12.903042674709262,10.0,40.21958278683843,1,1.9854069318320562,14.486517063106128,44.025725001678985,reporting
10150,0,finished,10.100000000000001,,,,18.15489014163452,0,0.5083962078570412,9.4721817266485,10.0,54.70099373266092,0,1.9743695710455054,28.527511696730823,50.2521099547698,reporting
10151,0,finished,9.750000000000002,,,,18.25104143348752,0,1.2747355911646334,10.2988553621481,10.0,51.042138659025326,0,0.9166649122511443,17.882740997854174,46.591251080909274,reporting
10152,0,finished,9.750000000000002,,,,21.265761614828428,0,0.4642147857292489,9.739614353479666,6.0,56.1944952782815,0,1.6510389507378949,16.884173226334582,58.89058247841036,reporting
10153,1,finished,11.200000000000001,0,2.6319937089409464,0.86,32.087896386484644,,4.551674898050676,11.849103249158201,6.0,44.507528366768206,1,1.5068412700433034,33.43401307158278,41.76308862766826,reporting
10154,0,finished,9.100000000000001,,,,21.308008415152088,0,2.678544974316684,12.912910951757759,6.0,48.538147140545476,0,0.9764821339798132,34.783730472442635,46.610988113065176,reporting
10155,1,finished,13.150000000000002,0,1.8668275296233836,0.73,31.097557829814125,,3.7520841147234076,9.183184387232837,4.5,52.90971741531578,1,1.050244231125999,34.17247032373871,52.290985041728156,reporting
10156,1,finished,13.100000000000001,0,2.74397965298675,1.0,18.230297415377834,,1.5555611490599812,8.004398265502058,10.0,56.43455988045986,1,1.2837747632522778,34.4231252793465,57.561596823079135,reporting
10157,0,finished,9.15,,,,21.88463179832854,0,2.074785596742653,11.54182519501921,4.5,48.29277677637534,0,1.303413561079302,32.15235224401741,45.04598219387947,reporting
10158,0,finished,10.100000000000001,,,,21.247207951964434,0,0.14457609641642577,9.42515162761922,6.0,59.89108849770193,0,1.4417124120265608,29.886968594051794,62.03043701343639,reporting
10159,1,finished,13.3,0,1.4688249306121803,0.58,28.129066256667894,,2.208663831247245,8.50531688483967,10.0,58.357430221809054,1,1.212915089509416,32.57525925160468,57.25489774249214,reporting
10160,0,finished,9.850000000000001,,,,18.52842462996181,0,1.1237315782881954,9.993756899891277,10.0,50.94659014619661,0,0.8484310168932511,33.98805414446433,52.13333434036495,reporting
10161,0,finished,8.500000000000002,,,,20.652494939682533,0,2.504756645904716,12.424424544064538,6.0,40.06479314836166,0,1.9993893376510725,16.798930282780464,43.16062972524886,reporting
10162,1,finished,12.600000000000001,0,3.5712654477740493,1.74,31.39777648931721,,4.755812855256277,10.721986011233657,4.5,50.94801179867979,1,1.4966982888490175,31.374035139228617,48.10966994884608,reporting
10163,1,collision,5.7,1,0.28603396837938067,0.0,22.024092469967023,,nan,10.703976865850555,4.5,55.98835915471862,1,1.3889217155832423,10.256154664534037,55.816672024175446,reporting
10164,0,finished,9.900000000000002,,,,17.447205322289307,0,-0.4855757666027536,8.225631630608122,10.0,49.21657048558531,0,0.9148039307499767,16.02244568518095,53.97349652367954,reporting
10165,1,collision,5.55,1,0.2655055009083147,0.0,21.705205513495066,,nan,10.805636228900138,4.5,50.22571344828641,1,0.9660277938504955,18.339387051459816,49.39706193897444,reporting
10166,0,finished,10.000000000000002,,,,22.612604938927475,0,1.6878370981619177,11.209955215313247,4.5,59.86850353048959,0,0.9065758145729423,24.196595844685028,61.14278393455073,reporting
10167,0,finished,10.100000000000001,,,,18.756673674550896,0,1.5342668995611657,10.793433194490696,10.0,56.26452446773879,0,1.4795951185587906,20.56833479171965,54.769583191093425,reporting
10168,0,finished,9.8,,,,21.10455078876958,0,0.4600678934695761,9.741979684166758,6.0,56.72962687271304,0,1.2982872576555131,19.246399531574752,55.78603398956439,reporting
10169,1,finished,12.250000000000002,0,1.0391200035027324,0.47000000000000003,23.086342005117643,,4.084477726611578,9.851095630315266,6.0,46.5046948062807,1,1.2066712389103318,25.764743791523713,45.621750078826,reporting
10170,0,finished,9.8,,,,21.23298255652014,0,1.674401497608164,11.446690973617233,6.0,58.74120138220509,0,1.5448485933838043,22.981100761085635,56.47293769740276,reporting
10171,1,collision,6.25,1,0.2741440594374509,0.0,21.101130843775913,,nan,8.752549010550922,4.5,50.3343269352728,1,1.1104596408686607,10.434964730786744,51.77554778293622,reporting
10172,0,finished,9.500000000000002,,,,21.251701508554465,0,2.5984260478888555,12.814145143973906,6.0,54.004979607085474,0,1.7551820213024352,34.45124417715061,53.62642166298139,reporting
10173,0,finished,9.8,,,,22.71987510518504,0,1.7143518017788058,11.203140100942619,4.5,57.18418178375762,0,1.800000540378577,12.16181437298712,55.30855644724697,reporting
10174,0,finished,10.350000000000001,,,,18.728716618044203,0,0.7418990345188963,9.872248811547642,10.0,58.61723128604079,0,1.8756977479431642,31.795413164572313,58.73029253288321,reporting
10175,0,finished,10.3,,,,18.75198651052834,0,2.4197148528040344,12.149126684345699,10.0,59.46266961791291,0,1.6213376739027112,11.461227171975924,54.13609089445505,reporting
10176,0,finished,8.65,,,,20.8341820763879,0,2.667451485455687,12.965906830558998,6.0,43.2298417813357,0,1.8304412078007788,34.44818052308692,42.55885251577275,reporting
10177,1,collision,4.65,1,0.28207088887665605,0.0,17.76525514768499,,nan,8.694344560257766,10.0,52.39533375532122,1,1.6516785641818732,16.44123996327842,50.80237062779876,reporting
10178,0,finished,10.000000000000002,,,,17.55336911477725,0,-0.5252231523243562,8.3341787769502,10.0,51.55892308517016,0,0.9756554837429708,25.336822629921137,45.93698344347092,reporting
10179,0,finished,9.500000000000002,,,,21.394618361549206,0,1.9284143080735925,11.608742503130337,6.0,53.46190578202854,0,0.8701843967437485,13.884634042358051,56.5796439226696,reporting
10180,1,finished,12.200000000000001,0,1.9917818397030884,0.68,28.381419790354695,,3.7337881800265738,10.257982791165253,4.5,53.56120560928093,1,1.3952430836081011,29.39348933821433,51.65276457788599,reporting
10181,1,finished,12.150000000000002,0,3.2761963195233945,0.9400000000000001,18.66505148645865,,2.095216105097231,9.241400626857821,10.0,56.942301235537315,1,1.8550965094945169,26.056063449949505,57.162414979560126,reporting
10182,1,finished,12.450000000000001,0,2.0446913517924177,0.72,32.80878319768691,,5.107682526781607,12.44293951202065,6.0,57.065643747003165,1,1.2936589511899288,34.14558400100934,54.73612369408908,reporting
10183,0,finished,9.000000000000002,,,,15.439984654785274,0,1.1728076482672334,9.73731763124611,10.0,40.013532786836535,0,1.965877503654588,16.19754237664899,42.456946928510284,reporting
10184,1,finished,13.150000000000002,0,3.8552501580980425,1.32,21.811631196059658,,3.9945421500690816,9.705148855893551,4.5,55.24881970648033,1,1.7917216603497852,18.06136067015418,52.30102816598648,reporting
10185,0,finished,9.700000000000001,,,,21.632170597935758,0,-0.3758034939336721,8.443988976203578,4.5,51.71615197451027,0,1.0494666341664,16.86560767627786,51.497605467222996,reporting
10186,1,finished,12.150000000000002,0,3.9563156285033187,1.47,19.310561693878,,3.863018757738878,9.01774949689744,4.5,41.531694508305605,1,1.779641547819327,19.177094901353144,38.722404984579626,reporting
10187,1,finished,10.450000000000001,0,4.2921865447639655,1.3,28.508009880466172,,4.184439267125074,12.229251237479959,6.0,42.40459787445027,1,1.8000691950376502,33.25627431000781,43.90111377370864,reporting
10188,0,finished,8.950000000000001,,,,21.508463230439386,0,2.5905662397281697,12.652248126684423,6.0,46.546079121703656,0,1.0017202521251565,23.580188540938313,43.00558508612059,reporting
10189,1,collision,5.45,1,0.2572864315570429,0.0,22.17320912681042,,nan,12.340079300244865,4.5,48.3992849481518,1,0.8899225860656641,20.703306873725225,47.974582781830016,reporting
10190,1,finished,14.450000000000001,0,1.3406428171213718,0.6,21.490949331738143,,6.446438737236694,11.580295986602321,6.0,58.411447939868665,1,0.8227000511074787,31.00479326914978,61.26343039368354,reporting
10191,1,finished,12.250000000000002,0,2.454491960964919,0.87,28.203129466611525,,3.8907766896567946,10.608231327404539,6.0,54.51813686578278,1,1.3479321585227726,31.392600455218975,54.12977464195492,reporting
10192,0,finished,8.850000000000001,,,,19.969375226917563,0,1.2450968632662622,10.374792829606942,6.0,44.65803349452896,0,1.1486295060756087,25.106445876225816,46.02145727015802,reporting
10193,1,finished,12.250000000000002,0,1.6079798688935951,0.61,22.657547260600516,,5.38361283555486,12.873742690733216,4.5,54.687149532878706,1,1.3870654461056628,24.438515192349676,53.82224646258513,reporting
10194,0,finished,9.05,,,,17.67380336384043,0,2.3977698472875497,11.69119990781251,10.0,41.42008282445659,0,0.806615196749321,30.436022015247563,46.15735456403571,reporting
10195,1,finished,9.500000000000002,0,0.3446166458537693,inf,19.120100762583636,,0.8819341882088629,9.523810579895148,10.0,46.14454767373867,1,0.9428923041813314,24.275202729290974,42.31923408642395,reporting
10196,0,finished,9.000000000000002,,,,20.98584152035297,0,1.1842366704594411,9.940324694884923,4.5,44.42311595483053,0,1.761475753670891,33.02086094374937,45.045716591559206,reporting
10197,1,finished,11.950000000000001,0,2.9646185818228865,1.06,29.00984435020321,,3.4496746044592754,9.751087565355045,4.5,49.52334897778299,1,1.3001315940931732,34.718081269246724,50.355089745971625,reporting
10198,1,finished,13.900000000000002,0,3.7351061676641657,1.57,22.26473733405392,,2.9606801877115636,8.54183824124675,6.0,59.46787630779963,1,1.6080059709480032,21.720677446198987,55.71060204971595,reporting
10199,1,collision,5.75,1,0.2864131575118376,0.0,22.189122299756377,,nan,12.772331242487585,4.5,59.05236863699208,1,1.45048304110585,11.039933193714724,59.89203804852778,reporting
